,job_title,company,rating,location,date,job_desc,link
0,Data Analyst,Booz Allen Hamilton,3.9,"Remote in Rome, NY 13441",PostedPosted 30+ days ago,"Experience with machine learning, data mining, statistics, or graph algorithms in an academic or internship environment.
Ability to obtain a security clearance.",https://www.indeed.com/rc/clk?jk=319710555117dbdc&fccid=4e041af1d0af1bc8&vjs=3
1,Data analyst,Memorial Sloan Kettering Cancer Center,4.1,"New York, NY 10017 (Turtle Bay area)",PostedToday,"The Data Analyst will support all aspects of various data-driven research projects in the lab, including data management, integrity, analysis, and publications.",https://www.indeed.com/rc/clk?jk=e15fbc99a0ce1e2c&fccid=1320c50b75f44505&vjs=3
2,Customer Data Science,WarnerMedia,3.8,"New York, NY",PostedPosted 16 days ago,"Apply data mining techniques to cleanse and explore large data sets.
Identify appropriate data science solutions as new data-centric business queries arise.",https://www.indeed.com/rc/clk?jk=8e0deb983b49e3cc&fccid=fdb210f6a49b1c13&vjs=3
3,Moody’s Analytics Data Science Development Program,Moody's,3.6,"New York, NY 10007 (Financial District area)",PostedPosted 2 days ago,"Have a deep understanding of data science applications, techniques, or deep learning frameworks such as: statistical and predictive modeling concepts, new…",https://www.indeed.com/rc/clk?jk=8df7589d3babadd8&fccid=28eefc5b86560831&vjs=3
4,Data Scientist Lead - Customer Segmentation Analytics,"JPMorgan Chase Bank, N.A.",3.8,"New York, NY+2 locations",PostedPosted 7 days ago,Deliver analytical insights in support of key business initiatives through in-depth data exploration and data mining to develop a deep understanding of client…,https://www.indeed.com/rc/clk?jk=31085f040cac99e0&fccid=aaf3b433897ea465&vjs=3
5,Data Scientist,FreeWheel,3.8,"New York, NY 10018 (Clinton area)",PostedPosted 13 days ago,"Build customer centric models and optimization tools to support large scale projects that utilize online & offline data, structured & unstructured data, set top…",https://www.indeed.com/rc/clk?jk=b6c91b9041233862&fccid=479c75c627f8dd06&vjs=3
6,"Associate, Data Science (APG)",BlackRock,3.8,"Hybrid remote in New York, NY",PostedPosted 30+ days ago,"Requires broad knowledge of different techniques in machine learning, data mining, statistics and big data infrastructures.",https://www.indeed.com/rc/clk?jk=5dc4ba406e4b97cc&fccid=58c732f14833248a&vjs=3
7,Sustainability Data Analyst,Colgate-Palmolive,4.3,"New York, NY 10022 (Midtown area)",PostedPosted 30+ days ago,"Apply data mining and ML libraries to analyze noisy sustainability-related data and drive conclusions.
Experience with survey analytics, data management and…",https://www.indeed.com/rc/clk?jk=9bd2e03ab5f5ff5b&fccid=d9162e48c444e6e3&vjs=3
8,2023 SETUP Technology Full Time Program – Data Scientist - New York,BNY Mellon,3.5,"New York, NY",PostedPosted 30+ days ago,"Perform data profiling to identify and understand anomalies in data.
Perform data analysis, feature engineering, and advanced methods to prepare and develop…",https://www.indeed.com/rc/clk?jk=b426abdb8ec85857&fccid=b4048be2884af072&vjs=3
9,Data Analyst III(Healthcare Claims Data)-Remote,Collaborative Health Systems,3.2,"Remote in New York, NY",PostedPosted 30+ days ago,"Apply expertise in quantitative analysis, data mining, and the presentation of data to see beyond the numbers and understand how customers interact with…",https://www.indeed.com/rc/clk?jk=ab5ebd8d0ee83981&fccid=5ece327da33e0274&vjs=3
10,Data Analyst,NYC Careers,2.5,"Manhattan, NY 10038 (Financial District area)+1 location",PostedPosted 14 days ago,"Data entry, database creation and maintenance, and preparation of data sets for statistical analysis, including data cleaning and formatting.",https://www.indeed.com/rc/clk?jk=124663547faf0812&fccid=f97367b3ac9546b1&vjs=3
11,DATA SCIENCE CONSULTANT NY,managementsolutions,3.7,"York, NY+1 location",PostedPosted 30+ days ago,"You will be working in key projects for leading organizations in data mining & knowledge Discovery, predictive modeling, trend modeling, Simulation models …",https://www.indeed.com/rc/clk?jk=e1a542c1d8b36c97&fccid=f3eca80b6759548b&vjs=3
12,Data Scientist,Caden,4.2,"New York, NY 10013 (Tribeca area)",PostedPosted 30+ days ago,"AI/ML models, Natural language process (NLP) and data mining experience.
Apply advanced machine learning, graph analytics, data mining, statistical methods,…",https://www.indeed.com/rc/clk?jk=18bd709e00fbc35d&fccid=f4a18456255cc168&vjs=3
13,Data Analyst,Tradeweb Markets LLC,3.7,"New York, NY 10001 (Chelsea area)",PostedPosted 30+ days ago,"Proficiency in SQL/ORACLE & T-SQL coding, database query, or other statistical analysis and data mining software.
Pre-Tax Commuter Benefits Program.",https://www.indeed.com/rc/clk?jk=73bd6d30f49347f5&fccid=737cbaa7a85af001&vjs=3
14,Sr. Analyst - Data Science,Amex,4.1,"New York, NY+1 location",PostedPosted 22 days ago,"Experience in Big Data environment, inclusive of data mining techniques.
Strong Analytical Skills: Apply analytical thinking to diagnose business needs and to…",https://www.indeed.com/rc/clk?jk=3efdcee18669c539&fccid=f057e04c37cca134&vjs=3
15,Senior Data Scientist (Mailchimp),Intuit,4.2,"New York, NY 10012",PostedPosted 9 days ago,Use Advanced Python skills to perform data segmentation and aggregation from scratch; leveraging relevant experience working with granular web clickstream data.,https://www.indeed.com/rc/clk?jk=b6b3b85b28e93165&fccid=9784ae78e9834539&vjs=3
16,Data Analyst,"Bertelsmann, Inc.",3.7,"New York, NY 10019 (Midtown area)",PostedPosted 30+ days ago,"Expertise in database design development (data modelling, data mining and data segmentation).
Develop best data practices, to enable knowledge transfer among…",https://www.indeed.com/rc/clk?jk=1dea316b02616058&fccid=b7077240c866145c&vjs=3
17,Internal Fraud Investigations Leader,TikTok,3.5,"New York, NY",PostedPosted 30+ days ago,"Strong spreadsheet and data analysis skills (e.g., MS Excel).
Proficient in Excel, Word, PowerPoint; and experience with data mining software such as ACL,…",https://www.indeed.com/rc/clk?jk=a88acd52084b2f2c&fccid=caed318a9335aac0&vjs=3
18,"Analyst, Customer Insights & Market Intelligence",Bloomingdale’s,3.6,"Long Island City, NY 11101",PostedPosted 3 days ago,This individual will support both our research and data mining initiatives and be responsible for the day-to-day management of our proprietary online customer…,https://www.indeed.com/rc/clk?jk=a58239d5b45d50b2&fccid=5e6dd49bdb583f94&vjs=3
19,Lead Data Scientist,PayPal,3.9,"New York, NY",PostedPosted 30+ days ago,"This person will help generate insights by mining PayPal’s rich data.
Advanced SQL experience, preferable with Teradata systems, data mining, and Big Query…",https://www.indeed.com/rc/clk?jk=3caccdadc3aca0d9&fccid=978d9fd9799d55a8&vjs=3
20,Business Performance Data Science Analyst,Visions Federal Credit Union,3.3,"Remote in Endwell, NY",PostedPosted 30+ days ago,"The data science analyst works closely with internal clients, data SMEs, project/program managers, and other internal teams to turn data into critical…",https://www.indeed.com/rc/clk?jk=e19ee06335a3ed57&fccid=9b989f8fd6b99909&vjs=3
21,Data Acquisition and Optimization Analyst,Loews Hotels & Co.,4.0,"New York, NY 10065 (Upper East Side area)",PostedPosted 30+ days ago,"Experience working with a middleware platform to create sustainable data mining solutions.
Utilize ETL tools to extract, transform, store and retrieve data from…",https://www.indeed.com/rc/clk?jk=b925139dcf3e1dd9&fccid=8faafa97330c668e&vjs=3
22,"Data Analyst, Enterprise and Finance Analytics (REMOTE)","Foot Locker Corporate Services, Inc.",3.9,"New York, NY 10120 (Chelsea area)",PostedPosted 30+ days ago,"Basic understanding of statistics, data mining techniques/procedures and query and report writing.
Predictive analytics and complex data modeling skills a plus.",https://www.indeed.com/rc/clk?jk=61d7b783ebea9f1d&fccid=5c616ca9b51e8497&vjs=3
23,Investment Risk Analytics Data Engineer,BNY Mellon,3.5,"New York, NY",PostedPosted 30+ days ago,"Knowledge of techniques in data analysis, data mining and visualization, including time series, data cleaning/filtering, outlier management.",https://www.indeed.com/rc/clk?jk=e1bd594a6a37b2fc&fccid=b4048be2884af072&vjs=3
24,Jr. Pricing Analyst,J.Crew,3.7,"New York, NY 10281 (Battery Park area)",PostedPosted 1 day ago,"Hands-on experience with Analytics & data mining.
They will also audit of data using auditing reports related to purchase order accuracy, style meta data…",https://www.indeed.com/rc/clk?jk=835a618c07eed688&fccid=2152cf83e9c8d7cd&vjs=3
25,Business Analyst I,Amex,4.1,"New York, NY",PostedPosted 6 days ago,Provide Analytical & Decision Support across the Global regulatory and policy assurance organization through advanced Statistical techniques and Data mining …,https://www.indeed.com/rc/clk?jk=38ac4fc7c8609d4e&fccid=f057e04c37cca134&vjs=3
26,Data Scientist,Source Enterprises,4.3,"New York, NY 10005 (Financial District area)",PostedPosted 30+ days ago,"Stay current on modern trends and advances in data mining technology.
Internship candidates should have high interest in learning top of the line data mining…",https://www.indeed.com/rc/clk?jk=1636faa0308fd08f&fccid=1577085fc2290983&vjs=3
27,GIS/CAD Specialist,NYC Careers,2.5,"Manhattan, NY",PostedPosted 9 days ago,"Experience using relational databases, data mining and extracting data.
Ensure statistical data analyses and data summary report quality by implementing quality…",https://www.indeed.com/rc/clk?jk=2452e7cb4e7e1455&fccid=f97367b3ac9546b1&vjs=3
28,Data Scientist,Albert Einstein College of Medicine,4.0,"Remote in Bronx, NY 10461+1 location",PostedPosted 30+ days ago,The Data Scientist will utilize their skills and competencies in big-data analytics and high performance computing and will collaborate with Montefiore…,https://www.indeed.com/rc/clk?jk=975506d0d8074b54&fccid=65ce85f45facac9b&vjs=3
29,"Advisor, Marketing Data",Northwell Health,3.9,"New Hyde Park, NY 11042+1 location",PostedPosted 30+ days ago,"Manage data inventories and roadmaps for consolidating data in usable formats.
Guides data mining exploration using the data repository to provide greater…",https://www.indeed.com/rc/clk?jk=2fa7a023c8fd5f85&fccid=6f31e2074a3d8a7b&vjs=3
30,Temporary Finance Analyst,The New School,3.8,"New York, NY 10011 (Greenwich Village area)",PostedPosted 1 day ago,"Perform market research, data mining, business intelligence, and financial evaluation of opportunities.
Strong analytical and data gathering skills.",https://www.indeed.com/rc/clk?jk=f6a8f4aabbb44588&fccid=f8b728c0f6f4871e&vjs=3
31,Data Management Specialist,Church Pension Group Services Corporation,3.9,"Hybrid remote in New York, NY 10016",PostedPosted 13 days ago,"Capable of performing data analysis and data mining to address operational issues or answer business questions.
Ability to travel when needed.",https://www.indeed.com/rc/clk?jk=f5e07a5e24d4779d&fccid=58432e31f06d8181&vjs=3
32,Senior Data Scientist,Consumer Reports,3.2,"Remote in Yonkers, NY 10703",PostedPosted 18 days ago,In this position you will be responsible for supporting research and product development and providing new insights and innovative internal and external client…,https://www.indeed.com/rc/clk?jk=a558c3da3ea5ca98&fccid=adea62ae96d0c2c1&vjs=3
33,Data Analyst - North American Integrated Analytics Team,Munich Re,4.0,"New York, NY",PostedPosted 30+ days ago,Solid experience working with large data sets on enterprise data platforms and performing tasks such as managing data transformations and machine learning…,https://www.indeed.com/rc/clk?jk=0504c99d53e3c99b&fccid=d4448c192a012f32&vjs=3
34,"Senior Business Analyst, Data Innovation",PepsiCo,3.8,"New York, NY 10014 (SoHo area)",PostedPosted 30+ days ago,"Strong background in data management, data relationships, data mining and quantitative vs. qualitative analytics.
Knowledge of CPG business and data solutions.",https://www.indeed.com/rc/clk?jk=124865d055d23eb3&fccid=2973259ddc967948&vjs=3
35,Pricing & Valuation Analyst,CME Group,4.1,"Hybrid remote in New York, NY+1 location",PostedPosted 12 days ago,"The incumbent also takes an independent role in at least one of the research projects, such as, data mining, new product launching, settlement system design and…",https://www.indeed.com/rc/clk?jk=5583bc0a2f62a54e&fccid=5a3ef63f55aa5ca2&vjs=3
36,Public Data IT Project Specialist,NYC Careers,2.5,"Manhattan, NY",PostedPosted 8 days ago,"Assist in creating and maintaining business process flows, data mining and data analytics.
Strong quantitative and problem-solving skills, and with ability to…",https://www.indeed.com/rc/clk?jk=e22b5acc6f743a87&fccid=f97367b3ac9546b1&vjs=3
37,Research Data and Statistical Analyst,Hospital for Special Surgery,4.2,"New York, NY 10021 (Upper East Side area)",PostedPosted 30+ days ago,"Acquire data from primary or secondary data sources.
Review study proposals to determine data requirements and assist with development of data collection and/or…",https://www.indeed.com/rc/clk?jk=71f0f877fbbef79c&fccid=f15bfc513a14b84c&vjs=3
38,Software Engineer,Embark,3.0,"New York, NY",PostedPosted 30+ days ago,"You'll be building features across our entire software stack, modeling and mining data, building performant APIs, and constructing sharp user interface…",https://www.indeed.com/rc/clk?jk=cf54f045d851df17&fccid=80202a0b367a757b&vjs=3
39,"Business Intelligence Developer (Clinical Business Analyst Level II), Data Sciences and Support",NYC Health + Hospitals,3.8,"New York, NY+2 locations",PostedPosted 13 days ago,"Data mining and analysis tools.
2+ years in dashboarding, reporting, or data analysis.
The developer will use expert data analysis and transformation skills to…",https://www.indeed.com/rc/clk?jk=d1a488c21e3c55ca&fccid=8ba13cf21fd7c2de&vjs=3
40,Clinical Informaticist (M.D. or Ph.D.),Mount Sinai,3.7,"New York, NY+1 location",PostedPosted 10 days ago,"This individual ensures researchers and clinicians receive clean and accurate data by overseeing activities related to data mining, data mapping and data…",https://www.indeed.com/rc/clk?jk=a59bb8ea117da5fc&fccid=c007936ceb766fe5&vjs=3
41,Spatial Data Analyst,The Fedcap Group,2.4,"New York, NY",PostedPosted 30+ days ago,"Maintain and re-engineer existing ETLs to increase data accuracy, data stability, and pipeline performance.
Ability to carry out assessments and analyze data in…",https://www.indeed.com/rc/clk?jk=d17115f392c221a1&fccid=64d9a71a2c1c93dd&vjs=3
42,Assistant Professor in Educational Data Science and Analytics (10-month),University at Buffalo,4.2,"Buffalo, NY 14260",PostedPosted 20 days ago,"Therefore, we seek a colleague whose research will contribute to the GSE in one or more of the following areas of higher education research: (1) educational…",https://www.indeed.com/rc/clk?jk=1aa223b955838058&fccid=69d294dd564bf502&vjs=3
43,Student Research Worker,Columbia University,4.1,"Hybrid remote in New York, NY",PostedPosted 3 days ago,"Related experience in technology, information management, clinical trials, qualitative methods, relational database design and development, and/or data mining…",https://www.indeed.com/rc/clk?jk=f210c60d49054d9e&fccid=bd976cc171c690e0&vjs=3
44,Secondary Editing - Payment Accuracy Advisor,Change Healthcare,3.0,"Remote in New York, NY",PostedPosted 6 days ago,"The specialist will do this by engaging with assigned customers as a CXT SME to understand their claim system(s), payment policies, and integration data…",https://www.indeed.com/rc/clk?jk=853f013451539744&fccid=b1bd9b34a39d5dcd&vjs=3
45,Data Science Associate Consultant - Health Plan & Provider,ZS,3.6,"New York, NY 10118 (Chelsea area)",PostedPosted 30+ days ago,"Execute statistical and data mining techniques (e.g. hypothesis testing, machine learning and retrieval processes) on large data sets to identify trends,…",https://www.indeed.com/rc/clk?jk=63dee09f2216989c&fccid=f349f6e84d53b739&vjs=3
46,Business Intelligence Manager,Colgate-Palmolive,4.3,"Hybrid remote in New York, NY 10022",PostedPosted 30+ days ago,"Expertise with understanding and leveraging Point of sale data, Syndicated data, Panel data.
Provide support and solve our BI solutions, including investigation…",https://www.indeed.com/rc/clk?jk=cbb85fedcf61c1c6&fccid=d9162e48c444e6e3&vjs=3
47,"JPM Payments - Embedded Banking, Product Data & Analytics - Executive Director","JPMorgan Chase Bank, N.A.",3.8,"New York, NY",PostedPosted 22 days ago,"Knowledge of relational and non-relational database technologies, big data solutions, data science, and data mining.
5+ year's relevant experience.",https://www.indeed.com/rc/clk?jk=321e8f3de34c863f&fccid=aaf3b433897ea465&vjs=3
48,"Head of Data and Analytics, Investor's Business Daily",Dow Jones,3.9,"New York, NY 10176 (Murray Hill area)",PostedPosted 30+ days ago,"Review, assess and optimize existing data mining and collection processes.
Collaborate with Engineering to establish data capture, collection, storage and…",https://www.indeed.com/rc/clk?jk=181dfab2d53fd044&fccid=d2621f51dde471d3&vjs=3
49,"Senior Manager/Manager, Wholesale Planning & Analytics - North America",Fresh,4.0,"New York, NY",PostedPosted 30+ days ago,"Partner with the Business Intelligence teams to develop reporting, data structure and solutions to improve the efficiency and integrity of data mining and…",https://www.indeed.com/rc/clk?jk=151500fee6fec8b7&fccid=bb61f4214b79d35b&vjs=3
50,Data Analyst - Treasury,"Jefferies & Company, Inc.",3.7,"Manhattan, NY",PostedPosted 30+ days ago,"Excellent data analytical skills – Data mining / discovery.
Knowledge of data management principles and concepts.
Develop and maintain databases and cubes.",https://www.indeed.com/rc/clk?jk=09bc55b7833aecd9&fccid=0140e51652b12787&vjs=3
51,Data Science Analyst III- Mount Sinai Health Partners,Mount Sinai,3.7,"New York, NY",PostedPosted 30+ days ago,"Strong data mining skills using tools like SQL, R, Python.
Identify necessary data and methodologies; collect, integrate, analyze and interpret data.",https://www.indeed.com/rc/clk?jk=cce3448602ca0f47&fccid=c007936ceb766fe5&vjs=3
52,Healthcare Analyst,HealthFirst,3.4,"New York, NY 10007 (Tribeca area)+1 location",PostedPosted 30+ days ago,"Performing data mining of claims to identify trends or data issues and translating that into financial impact.
Proficiency in SAS or SQL.",https://www.indeed.com/rc/clk?jk=5975146d896bdf87&fccid=33b2d0072564c18e&vjs=3
53,2024 Starr Global Associates Program - Operations,Starr Companies,3.8,"New York, NY",PostedPosted 2 days ago,"This will include data mining, data analzying, and problem solving.
The 2024 Starr Global Associate Program is a 12 month training program designed to attract,…",https://www.indeed.com/rc/clk?jk=8b4f62bbe27d73ba&fccid=a64031f02900a058&vjs=3
54,Developer Managers,TransUnion,3.8,"White Plains, NY",PostedPosted 30+ days ago,"Drive successful completion of data insight initiatives through data mining, data analysis and dashboard creation.",https://www.indeed.com/rc/clk?jk=3ae98203e678eaf7&fccid=663ece44ae074b32&vjs=3
55,Customer Insight & Analytics Manager,LSEG (London Stock Exchange Group),3.7,"New York, NY",PostedPosted 30+ days ago,"Experience in mining and synthesizing diverse, incongruent data.
Utilization of data mining and predictive ML algorithms to solve complex problems.",https://www.indeed.com/rc/clk?jk=4e73b4cb7bccd211&fccid=2d181105260f6454&vjs=3
56,Lead Data Science Analyst - Mount Sinai Health Partners,Mount Sinai,3.7,"New York, NY",PostedPosted 30+ days ago,"Identify necessary data and methodologies; collect, integrate, analyze and interpret data.
Feed data quality issues back to IT to assist in our quest for high…",https://www.indeed.com/rc/clk?jk=e841734fae654662&fccid=c007936ceb766fe5&vjs=3
57,Financial Planning & Analysis - Sr. Associate,"JPMorgan Chase Bank, N.A.",3.8,"Hybrid remote in New York, NY",PostedPosted 2 days ago,"Proficiency with data mining/gathering and manipulation of data sets.
Strong analytical and problem solving skills with ability to analyze large data sets and…",https://www.indeed.com/rc/clk?jk=078a2300efe4324c&fccid=aaf3b433897ea465&vjs=3
58,"Solution Consultant, Supply Chain Planning",IBM,3.9,"New York, NY 10001 (Chelsea area)",PostedPosted 30+ days ago,"Strong analytical techniques, data mining knowledge, and proficiency in handling and processing large amounts of data is needed.",https://www.indeed.com/rc/clk?jk=91baa2b264b5be1b&fccid=de71a49b535e21cb&vjs=3
59,"Assoc, Data Sci & Analytics",Carrier,3.8,"Syracuse, NY 13221 (Downtown area)",PostedPosted 20 days ago,"You will assist with creating data mining architectures/models/protocols, statistical reporting, and data analysis methodologies to identify trends in large…",https://www.indeed.com/rc/clk?jk=f8954756d49a6f28&fccid=9a2c8ce9d1b61aac&vjs=3
60,Quantitative Strategies & Solutions (QS2) - Operations Research - Senior Associate - Consultant,EY,3.9,"New York, NY 10001 (Chelsea area)",PostedPosted 7 days ago,"Data management, data structures and analytic models.
A bachelor’s degree in statistics, mathematics, engineering, computer science, operations research,…",https://www.indeed.com/rc/clk?jk=d44a8da70443c0ed&fccid=1544766d4c2915b0&vjs=3
61,Data Analyst,Hearst Media Services,3.5,"New York, NY 10019 (Midtown area)",PostedPosted 23 days ago,Data analytical skills and the ability to use data mining to extract information from data sets and identify correlations and patterns.,https://www.indeed.com/rc/clk?jk=283337832809be84&fccid=02bd2bdda97deebf&vjs=3
62,Quantitative Developer,Maritime Capital LLC,4.5,"New York, NY 10017 (Midtown area)",PostedPosted 30+ days ago,"Strong passion for programming, data mining, and research.
Experience with big data, SQL, fixed-income and real-time preferred.",https://www.indeed.com/rc/clk?jk=9d8545adfa6f8593&fccid=c02bc9a9574515b6&vjs=3
63,Commercial Real Estate Analyst,New York Life Insurance Co,3.7,"Hybrid remote in New York, NY",PostedPosted 30+ days ago,"Assisting with market research, web-based data mining, cash flow modeling, and database analysis.
Advanced knowledge of MS Excel and ability to work with large…",https://www.indeed.com/rc/clk?jk=f56625fb20661623&fccid=f0595ebb13247329&vjs=3
64,Senior Data Scientist - Retail,CVS Health,3.3,"Hybrid remote in New York, NY",PostedPosted 14 days ago,"Expertise with SnowSQL/data mining, data wrangling and transformation, building data models , engineering KPIs, maintain data documentation and definitions.",https://www.indeed.com/rc/clk?jk=72191511f91ca21c&fccid=be3b11aa573faee7&vjs=3
65,Data Scientist,The Powerline Group,1.8,"Port Jefferson Station, NY 11776",PostedPosted 30+ days ago,"Determining the correct data sets and variables.
Analyzing the data to identify patterns and trends.
Collecting large sets of structured and unstructured data…",https://www.indeed.com/rc/clk?jk=54b88ad12bafe1d4&fccid=9df1e83adac21eb3&vjs=3
66,"Computer Specialist (SW) Software I-IV, Data Analyst",Metropolitan Transportation Authority,4.0,"Manhattan, NY",PostedPosted 3 days ago,"Expert in data mining and information analysis to generate insights.
Coordinate with data owners to ensure data accessibility and quality.",https://www.indeed.com/rc/clk?jk=31b4febef36280c0&fccid=0cc7e6bf8ac0b24f&vjs=3
67,Senior Data Scientist,Veeva Systems,3.8,"New York, NY",PostedPosted 3 days ago,"Apply statistical, machine learning, and data mining techniques to extensive health data sets to build new products and methodologies.",https://www.indeed.com/rc/clk?jk=c2290460a31fa511&fccid=353eb997fc901045&vjs=3
68,Production Data Analytics Manager,Michael Kors,3.7,"New York, NY",PostedPosted 16 days ago,"Identify new sources of data and develop methods to improve data mining, analysis and reporting as well as come up with process improvement and standardization…",https://www.indeed.com/rc/clk?jk=287bd8203e7d70a5&fccid=927356efef1f3075&vjs=3
69,Data Analyst,Arnot Health,3.4,"Elmira, NY 14905",PostedPosted 30+ days ago,"Assists with understanding various data elements and data sets.
Monitor, troubleshoot existing data sets and data applications as assigned.",https://www.indeed.com/rc/clk?jk=bdc4deaf4cb72c25&fccid=c9346f97b604c520&vjs=3
70,Anti-Counterfeiting Paralegal,Chanel,4.1,"New York, NY",PostedPosted 6 days ago,"Effective data analyzer, ability to draw conclusions and utilize data to understand trends and issues; utilizing data to propose solutions.",https://www.indeed.com/rc/clk?jk=58158e473c72a73c&fccid=20f48cf7726b0510&vjs=3
71,Financial Crimes- Anti-Money Laundering Data Scientist- Senior Associate,PRICE WATERHOUSE COOPERS,4.0,"Hybrid remote in New York, NY",PostedPosted 30+ days ago,"Applying statistical modelling, algorithms, data mining and machine learning algorithms problem solving;
Demonstrates thorough abilities and/or a proven record…",https://www.indeed.com/rc/clk?jk=a92f049a77509a79&fccid=5e964c4afc56b180&vjs=3
72,Financial Analyst,Kodak,3.9,"Rochester, NY",PostedToday,"Strong data analytics and mining skills required.
Financial Analyst is responsible for data mining and analysis, presentation of results, consulting and…",https://www.indeed.com/rc/clk?jk=871830894951a23a&fccid=997339e8b3d78276&vjs=3
73,Staff Data Scientist (Mailchimp),Intuit,4.2,"New York, NY 10012",PostedPosted 9 days ago,Utilize Advanced Python skills to perform data segmentation and aggregation from scratch; experience working with granular web clickstream data is needed.,https://www.indeed.com/rc/clk?jk=c5b1fbdda4a1e314&fccid=9784ae78e9834539&vjs=3
74,Junior Business Planning & Analysis Associate – Global Client Management,The Bank of New York Mellon Corporation,3.5,"Hybrid remote in New York, NY",PostedPosted 13 days ago,"Drive business growth through data mining and advanced analytics.
Build out robust and performant foundational data sources, connecting diverse data sources.",https://www.indeed.com/rc/clk?jk=3cec1ec3d8053c34&fccid=b4048be2884af072&vjs=3
75,Bioinformatics Analyst,Hospital for Special Surgery,4.2,"New York, NY 10021 (Upper East Side area)",PostedPosted 30+ days ago,"Perform data mining using various internal resources, public sequencing and literature databases.
Provide support to existing personnel for data analysis.",https://www.indeed.com/rc/clk?jk=c75b9b33c97b0c24&fccid=f15bfc513a14b84c&vjs=3
76,BI Developer,Constellation Brands,3.8,"Victor, NY",PostedPosted 14 days ago,Automate and transform data consumption from traditional desktop office applications to highly immersive data visualizations and models.,https://www.indeed.com/rc/clk?jk=6ac6bdae8b29e419&fccid=9364b6a9cf775ff6&vjs=3
77,"Assistant/Associate/Full Professor, Institute for Artificial Intelligence and Data Science",University at Buffalo,4.2,"Buffalo, NY 14260",PostedPosted 30+ days ago,"We are particularly interested in candidates with experience in and a passion for teaching courses in statistical learning and data mining, machine learning,…",https://www.indeed.com/rc/clk?jk=41b52d3aca46678f&fccid=69d294dd564bf502&vjs=3
78,Analyst,Humanity,4.2,"New York, NY",PostedPosted 30+ days ago,"Experience with syndicated data sets a plus.
Ability to work across a wide variety of data platforms.
Simplify data into a compelling story that will be…",https://www.indeed.com/rc/clk?jk=02dd03b85d3aa65a&fccid=362231105029ef2c&vjs=3
79,Group Finance Director,Emerald,2.8,"New York, NY 10005 (Financial District area)",PostedPosted 9 days ago,"Exposure to data mining and working with large and complex data sets.
The Group Finance Director will be involved in all aspects of the Emerald strategic…",https://www.indeed.com/rc/clk?jk=e96076d9cae922c8&fccid=58a3ed3cf0d3abd7&vjs=3
80,Systems Analyst II,Nuvance Health,3.4,"Poughkeepsie, NY 12601",PostedPosted 16 days ago,"B. Supports users department’s information needs by designing reports, coordinating data mining through other systems and/or working with vendors for system…",https://www.indeed.com/rc/clk?jk=cc8d390869d6c885&fccid=0105162e1ce2eaf6&vjs=3
81,VEA-Insured Sales Desk - Associate,Morgan Stanley,3.8,"New York, NY 10036 (Midtown area)",PostedPosted 7 days ago,Efficiency with data mining opportunities using various Morgan Stanley tools to uncover opportunities within an Advisors book of business.,https://www.indeed.com/rc/clk?jk=fe08721e26433b70&fccid=0c39fb2c91742dcf&vjs=3
82,Research Scientist,NYU Langone,4.0,"New York, NY 10016 (Tudor City area)+1 location",PostedPosted 30+ days ago,"Signal processing, and data mining.
May develop protocol for the collection and quality of research data.
Who has a strong background in machine learning with…",https://www.indeed.com/rc/clk?jk=df031111e3a2f7bf&fccid=848e72c84ce4a7a7&vjs=3
83,Senior Market Finance Analyst,Humana,3.6,"Remote in Albany, NY 12205",PostedPosted 2 days ago,"Extracts raw data from databases and efficiently summarizing that data.
2+ years data analysis experience.
Provides informative and actionable data for annual…",https://www.indeed.com/rc/clk?jk=11247bc0f055e6ae&fccid=5f1f0e6dcc6cbc83&vjs=3
84,Solution Architect,Deloitte,3.9,"Hybrid remote in Rochester, NY 14604+11 locations",PostedPosted 5 days ago,"Experience in a data engineering role with demonstrable experience with Cognitive computing, data integration, data mining, Natural Language Processing, and…",https://www.indeed.com/rc/clk?jk=aded6b5259f8cf13&fccid=9e215d88a6b33622&vjs=3
85,Applied AI/ML - Vice President,"JPMorgan Chase Bank, N.A.",3.8,"New York, NY",PostedPosted 9 days ago,"Expertise in data mining, quantitative research techniques, theories, principles, and practices.
Join rapidly growing team of highly talented data scientists,…",https://www.indeed.com/rc/clk?jk=b157feec4d9ac938&fccid=aaf3b433897ea465&vjs=3
86,Data Science Senior Associate,RSM US LLP,3.6,"New York, NY 10036 (Midtown area)",PostedPosted 30+ days ago,"Perform data transformations, data joining/blending, data profiling, data cleansing, and other data movement related activities.",https://www.indeed.com/rc/clk?jk=2669c3c2581d2767&fccid=198b7374e1f8a26f&vjs=3
87,"Sr. Manager, Data Engineering & Architecture",Warner Music Group,4.1,"Hybrid remote in New York, NY",PostedPosted 3 days ago,"Partner with business analysts, application engineers and data scientists leveraging the appropriate tools, solutions, and/or processes as part of their data…",https://www.indeed.com/rc/clk?jk=10802b97ecc902bf&fccid=5c9de1aedf73e3b6&vjs=3
88,Director Healthcare Analytics and Data Science (Hybrid),1199SEIU Benefit and Pension Funds,3.9,"New York, NY",PostedPosted 30+ days ago,"Healthcare data warehouse technology and software used in data mining/manipulation, statistical analysis, data visualization/business intelligence (SQL Server…",https://www.indeed.com/rc/clk?jk=03d05b04c11cdc9b&fccid=8e4a09e55772e079&vjs=3
89,Supply Chain Analyst,Taro Pharmaceutical USA Inc,3.0,"Hawthorne, NY 10532",PostedPosted 30+ days ago,"Data mining and/or SQL skills preferred.
This role is responsible for monitoring wholesaler inventory levels, with a focus on managing supply and avoidance of…",https://www.indeed.com/rc/clk?jk=f8a2d14545e21e7a&fccid=94c251a7b6b5ca42&vjs=3
90,ADJUNCT FACULTY (Part-time) COMPUTER SCIENCE 1222,New York University,4.2,"New York, NY 10012 (Greenwich Village area)",PostedPosted 21 days ago,"Graduate level teaching could include courses in areas such as scientific computing, web-based system design, software engineering, machine learning, data…",https://www.indeed.com/rc/clk?jk=1d53b15427b0a53b&fccid=8077183a161ef0fd&vjs=3
91,Transaction Advisory Services - Director [Healthcare],CohnReznick,3.5,"Remote in New York, NY",PostedPosted 30+ days ago,"Develops data mining, benchmarking and analysis for process improvement opportunities.
Advanced analytical and data manipulation skills.",https://www.indeed.com/rc/clk?jk=fe28e78a365ff2c3&fccid=f0bade0760e83581&vjs=3
92,Applied Scientist / Sr. Applied Scientist - Marketing,Uber,3.6,"New York, NY 10007 (Financial District area)",PostedPosted 30+ days ago,"We leverage advanced statistical modeling, machine learning, or data mining techniques in a scalable manner including large scale data processing such as Spark,…",https://www.indeed.com/rc/clk?jk=6fdd0b1b3e0448e1&fccid=f766f8bfbc3effb7&vjs=3
93,Senior Business Analyst and Business Consultant,Bank of America,3.8,"New York, NY",PostedPosted 30+ days ago,"Running python script for data investigations.
Writing requirements for newly requested functionality, application enhancement or data fix’s.",https://www.indeed.com/rc/clk?jk=8e2e3b893097cab0&fccid=5bd99dfa21c8a490&vjs=3
94,Risk Data Management-Analytics Manager,Deloitte,3.9,"New York, NY+8 locations",PostedPosted 30+ days ago,"Performing data analysis and data mining using SQL and other tools.
Knowledge of data warehouse, database design, and data mining.",https://www.indeed.com/rc/clk?jk=ecac800f6db4beb4&fccid=9e215d88a6b33622&vjs=3
95,"Data Architect, MarTech",Constellation Brands,3.8,"Victor, NY",PostedPosted 30+ days ago,"Overall 10+ years of industry experience with focus in data engineering, conceptual data modeling, information architecture, data insights and analytics.",https://www.indeed.com/rc/clk?jk=d09f20dd6b54ae1a&fccid=9364b6a9cf775ff6&vjs=3
96,Lead Data Scientist - PBM Analytical Products,CVS Health,3.3,Remote in New York State,PostedPosted 30+ days ago,"Work alongside the data engineering team to assess data quality, clean and organize data, optimize data flow and organization of code, productionize and scale…",https://www.indeed.com/rc/clk?jk=0ede544f0fc14d21&fccid=be3b11aa573faee7&vjs=3
97,Software Engineer (Leadership) - Machine Learning,Facebook App,4.1,"New York, NY",PostedPosted 9 days ago,"8+ years of experience in one or more of the following areas: machine learning, recommendation systems, pattern recognition, NLP, data mining or artificial…",https://www.indeed.com/rc/clk?jk=5ed44c68837f3125&fccid=ba07516c418dda52&vjs=3
98,Inside Sales Representative (Commercial Parts) - Remote,WORLDPAC,3.2,"Remote in New York, NY+4 locations",PostedPosted 30+ days ago,"Utilizing the latest and most advanced technology in the industry, including our award winning speedDial B2B online ordering program, SalesForce CRM, dynamic…",https://www.indeed.com/rc/clk?jk=706cb9728bfc1b66&fccid=446f30d9446eb427&vjs=3
99,Digital Product Analytics Sr Associate,"JPMorgan Chase Bank, N.A.",3.8,"New York, NY+1 location",PostedPosted 5 days ago,"Basic knowledge in modern data mining, quantitative research, and data science techniques (e.g., machine learning, behavioral analytics).",https://www.indeed.com/rc/clk?jk=2ab45d15ea54a51a&fccid=aaf3b433897ea465&vjs=3
100,Data Architect,Sumitomo Mitsui Banking Corporation,3.4,"New York, NY 11205 (Clinton Hill area)",PostedPosted 30+ days ago,"8+ years hands on experiences in data mining, data modeling in a large-scale, corporate environment.
You will work in a dynamic environment, partnering with…",https://www.indeed.com/rc/clk?jk=1640e371a8e22f5f&fccid=e6ac082831bf0db9&vjs=3
101,Senior Data Scientist,Alliant,4.0,"Brewster, NY 10509",PostedPosted 30+ days ago,"Significant experience applying machine learning algorithms in Python (Numpy, Pandas, Scikit-learn) to data mining problems.",https://www.indeed.com/rc/clk?jk=a15b2493d339060c&fccid=890f45f70f9e845a&vjs=3
102,Assistant Director-Revenue Cycle Operations (Outpatient),NYU Langone,4.0,"New York, NY 10016 (Tudor City area)",PostedPosted 30+ days ago,"Executes data-mining and in-depth accounts receivable analysis;
Skilled in data extraction, manipulation and analysis is preferred.",https://www.indeed.com/rc/clk?jk=442352d1138ff8bd&fccid=848e72c84ce4a7a7&vjs=3
103,Engineer I,Con Edison Clean Energy Businesses,3.8,"Valhalla, NY",PostedPosted 30+ days ago,"Data mining and performance analytics.
Working knowledge of OSI Pi and other data historians.
Review facility operating data to resolve problems that are…",https://www.indeed.com/rc/clk?jk=cde8fa3e26649f87&fccid=88f14ad45e377349&vjs=3
104,GLOBAL FINANCE PARTNER,Restaurant Associates,3.8,"Hybrid remote in New York, NY 10022",PostedPosted 30+ days ago,"Expert level experience in data mining and a proven ability to translate numbers into plain English for business use.
5+ years of finance/accounting experience.",https://www.indeed.com/rc/clk?jk=30537fbe3a19ad7e&fccid=91aa196c1ad16459&vjs=3
105,Computer Science Specialist Teacher (NY),Excellence Community Schools,3.5,"Bronx, NY 10462 (Parkchester area)+1 location",Hiring ongoing,"Strong mathematical background with strong knowledge in at least one of the following fields: statistics, data mining, machine learning, statistics, operations…",https://www.indeed.com/company/Excellence-Community-Schools/jobs/Computer-Science-Specialist-Teacher-b0628615feff8a4c?fccid=162fa0d854be8d02&vjs=3
106,Senior Reporting Analyst - Core Administration,Columbia University,4.1,"New York, NY",PostedPosted 2 days ago,"Strong background in data mining and data analysis.
Responsible for data validation, and provides support for data questions and issues.",https://www.indeed.com/rc/clk?jk=375ccfe33418e5dc&fccid=bd976cc171c690e0&vjs=3
107,"Director, Special Investigations Unit",HealthFirst,3.4,"New York, NY 10007 (Tribeca area)+1 location",PostedPosted 30+ days ago,Day-to-Day leadership and management of both staff and caseload volume ensuring a disciplined approach to triage from Referrals and Validation working in…,https://www.indeed.com/rc/clk?jk=4d70b4c61a973509&fccid=33b2d0072564c18e&vjs=3
108,Bioinformatics Analyst,NYU Langone,4.0,"Orangeburg, NY",PostedPosted 30+ days ago,"Data mining and basic statistical assessment.
Graphical output of data analysis for publication.
Perform quality control of raw sequencing data using…",https://www.indeed.com/rc/clk?jk=c7693549c057de51&fccid=848e72c84ce4a7a7&vjs=3
109,Vice President – Front Office Conduct & Operational Risks Business Specialist,BNP Paribas,3.9,"New York, NY",PostedPosted 30+ days ago,The team will have both transversal control specialists and business specialists; the business specialists will be assigned to a specific business line to…,https://www.indeed.com/rc/clk?jk=bb88ffc455426dc8&fccid=1392500f835bba92&vjs=3
110,Payments P&A- Financial Analysis - Associate,"JPMorgan Chase Bank, N.A.",3.8,"Brooklyn, NY+1 location",PostedPosted 17 days ago,"Proficiency with data mining/gathering and manipulation of data sets.
Strong analytical and problem solving skills with ability to analyze large data sets and…",https://www.indeed.com/rc/clk?jk=9272ba5d505ef823&fccid=aaf3b433897ea465&vjs=3
111,US AFC Management Information (MI) & Reporting - Assistant Vice President,Deutsche Bank,3.8,"New York, NY",PostedPosted 30+ days ago,"Implement automated solutions and data quality controls to improve accuracy, efficiency, visibility, and quality of data.",https://www.indeed.com/rc/clk?jk=bc05b90351ed0c66&fccid=f1d8e147024abb3f&vjs=3
112,DSG- Real Estate Group,EY,3.9,"New York, NY 10001 (Chelsea area)",PostedPosted 12 days ago,"Knowledge of Microsoft Excel, Access and data mining tools.
After a few years developing into a broad-based tax professional, you will specialize in one of…",https://www.indeed.com/rc/clk?jk=58bbf250e0020e63&fccid=1544766d4c2915b0&vjs=3
113,Client Administrative and Rates Supervisor,Akin Gump Strauss Hauer & Feld LLP,3.9,"Hybrid remote in New York, NY 10036",PostedPosted 30+ days ago,"Assist with the annual development of firm billing rates and data mining, as needed/requested.
The primary responsibilities of this role include but are not…",https://www.indeed.com/rc/clk?jk=a1b5e534c442e7e4&fccid=06a62354d0afc2c6&vjs=3
114,"Associate, Digital Advanced Analytics",New York Life Insurance Co,3.7,Remote in New York State,PostedPosted 23 days ago,"Contribute to data mining, presentation and dashboard development efforts.
Understand the bridge between data and business insights.",https://www.indeed.com/rc/clk?jk=42d0c36a9f9516cb&fccid=f0595ebb13247329&vjs=3
115,"Manager, Strategic Pricing & Interchange",Mastercard,4.0,"Purchase, NY 10577",PostedPosted 16 days ago,"Advanced PC skills including Microsoft Office Suite, data mining, python, Power BI, Tableau, Etc.
Ability to turn data into meaningful information and present…",https://www.indeed.com/rc/clk?jk=f359900bc55e59a6&fccid=10b5c722d846df43&vjs=3
116,Audit Director (Data Analytics),The Bank of New York Mellon Corporation,3.5,"New York, NY",PostedPosted 7 days ago,"Knowledge of data warehouse, database design and data mining techniques.
Experience developing data modeling tools and techniques.",https://www.indeed.com/rc/clk?jk=cb1f1774a2486582&fccid=b4048be2884af072&vjs=3
117,Assistant/Associate Professor of Computer Science (4 Positions),Hofstra University,4.3,"Hempstead, NY 11549",PostedPosted 8 days ago,"Current faculty research interests include biometrics, cloud computing, cybersecurity and privacy, computer vision, cognitive neuroscience, computability, data…",https://www.indeed.com/rc/clk?jk=8676965a33c975c8&fccid=e7ef317a3d0859f1&vjs=3
118,Computational Structural Biologist,Research Foundation of The City University of New...,4.1,"New York, NY",PostedPosted 21 days ago,"Course work or experience in data mining and statistics.
Developing new algorithms for data analysis.
Experience with other data science languages such as R,…",https://www.indeed.com/rc/clk?jk=4b23a8dee8f6e85c&fccid=667ba717ce627077&vjs=3
119,Service Coordinator,Plug Power Inc,2.8,"Latham, NY 12110",PostedPosted 30+ days ago,"Data mining skills with the ability to develop analytics for specific measurements.
The Service Coordinator takes a lead role in managing and providing…",https://www.indeed.com/rc/clk?jk=0e620f816495f472&fccid=1f60a750a8844383&vjs=3
120,Performance Analytics Director,New York Life Insurance Co,3.7,"Hybrid remote in New York, NY",PostedPosted 30+ days ago,"Advanced Excel, PowerPoint, data mining, data analysis experience.
Lead the team in design and development of data visualization dashboards to track performance…",https://www.indeed.com/rc/clk?jk=4c23350b763d4051&fccid=f0595ebb13247329&vjs=3
121,Lecturer - Information Systems,The City University of New York (CUNY),3.9,"New York, NY",PostedPosted 30+ days ago,"The position begins in the Fall semester of 2022.
The Lecturer will be expected to performteachingand related faculty functions in the area of Information…",https://www.indeed.com/rc/clk?jk=8a332106bb80b69d&fccid=d6dbeb6f0303a871&vjs=3
122,Chart Analyst / IT Liaison,Nuvance Health,3.4,"Poughkeepsie, NY",PostedPosted 30+ days ago,11.Utilize Quarterly PEPPER reports for data mining to identify items for auditing and monitoring efforts to help Nuvance Health identify and prevent payment…,https://www.indeed.com/rc/clk?jk=d6410e57f5fecf1c&fccid=0105162e1ce2eaf6&vjs=3
123,Senior Data Scientist,Xometry Inc,2.5,"New York, NY 10001 (Garment District area)",PostedPosted 7 days ago,"Proficiency in key statistical and machine learning techniques (predictive modeling, classification, clustering, text analytics, recommender systems , data…",https://www.indeed.com/rc/clk?jk=cbd92fed9eb79126&fccid=5b7c51fa0a062333&vjs=3
124,Business Excellence Executive - Finance,Siemens Healthineers,3.8,"New York, NY",PostedPosted 30+ days ago,Extensive experience with data models as well as a good understanding of enterprise data landscapes and architecture building blocks.,https://www.indeed.com/rc/clk?jk=3d7b1d65f8f758af&fccid=c5679bf29a1db253&vjs=3
